ids,iou,precison,recall,f1_score
0,0.704800009727478,0.6789,0.7207,0.6992
1,0.6970999836921692,0.649,0.7967,0.7153
